F	R	Name F	Name R
GGATGGATACGCCCGGTAAC	GACGTTGACCATCATCGGGT	A3Z845_pos1F	A3Z845_pos1R
GATGGTCAACGTCGATTCGC	AGGGCTTGATCAGCCAGTTG	A3Z845_pos2F	A3Z845_pos2R
GCGTGCTATCTGGGTGATGA	ACTGAAGAACAAACGCCAGC	A3Z845_pos3F	A3Z845_pos3R
ATGGATACGCCCGGTAACCT	GCGAATCGACGTTGACCATC	A3Z845_pos4F	A3Z845_pos4R
GGGATCTTGACGTACCTGTCC	ATCACCCAGATAGCACGCAC	A3Z845_pos5F	A3Z845_pos5R
GACGTACCTGTCCTGTGGGT	GTTACCGGGCGTATCCATCC	A3Z845_pos6F	A3Z845_pos6R
CGTACCTGTCCTGTGGGTG	GGTTACCGGGCGTATCCATC	A3Z845_pos7F	A3Z845_pos7R
CTTGACGTACCTGTCCTGTGG	CATCCGGCGATACCTGGAAC	A3Z845_pos8F	A3Z845_pos8R
TCCTCAAGGAGTCGGCAAAG	TACTGAAGAACAAACGCCAGC	A3Z845_pos9F	A3Z845_pos9R
GTGCGTGCTATCTGGGTGA	CAGCCAGTTGAGACCAGGTA	A3Z845_pos10F	A3Z845_pos10R
AATACGCCTCGGTCAACCTG	GACGACGAGGTGATGACCAG	A3Z845_neg1F	A3Z845_neg1R
TTTCCGCTGTTCGAGGTCTG	CCAGTTGACGACGAGGTGAT	A3Z845_neg2F	A3Z845_neg2R
TTTTCCGCTGTTCGAGGTCT	CTTGACCAGCCAGTTGACGA	A3Z845_neg3F	A3Z845_neg3R
GTTTTCCGCTGTTCGAGGTC	TCGGTAGACCATGCCCAGAT	A3Z845_neg4F	A3Z845_neg4R
ATCTGGGCATGGTCTACCGA	TTGACCAGCCAGTTGACGAC	A3Z845_neg5F	A3Z845_neg5R
AGGTTTTCCGCTGTTCGAGG	ATCGGTAGACCATGCCCAGA	A3Z845_neg6F	A3Z845_neg6R
GAATACGCCTCGGTCAACCT	TGAAAACAGAACGCCGAGGG	A3Z845_neg7F	A3Z845_neg7R
TCGAATACGCCTCGGTCAAC	AGGTGATGACCAGTCCCTTG	A3Z845_neg8F	A3Z845_neg8R
GTCGAATACGCCTCGGTCAA	GAGGTGATGACCAGTCCCTTG	A3Z845_neg9F	A3Z845_neg9R
CGGGATCTTGAGCGCTACC	CAGACCTCGAACAGCGGAAA	A3Z845_neg10F	A3Z845_neg10R
GACCCAGGAGCTGTTGGTTAT	CCGGCACAATATGCCAGAAA	R5YHE2_neg1F	R5YHE2_neg1R
ATGTACGAAGTTGCTGACCCA	ACACCAGCAGCAGAACCAATA	R5YHE2_neg2F	R5YHE2_neg2R
GGCCGACTTTGTAGTTGATGG	TAATAAACACCAGCTCCGGCA	R5YHE2_neg3F	R5YHE2_neg3R
CCGCAATGGGACTGGAGAAAA	ATAAACACCAGCTCCGGCAAT	R5YHE2_neg4F	R5YHE2_neg4R
GAGCTGTTGGTTATATGGCCG	TTTTCTCCAGTCCCATTGCG	R5YHE2_neg5F	R5YHE2_neg5R
GGTACCGGAGGAAGTATCCTG	AATAAACACCAGCTCCGGCAA	R5YHE2_neg6F	R5YHE2_neg6R
TGTTGCCGCAATGGGACTG	AACACCAGCTCCGGCAATATAA	R5YHE2_neg7F	R5YHE2_neg7R
GTGTTGCCGCAATGGGACT	ATAATAAACACCAGCTCCGGCA	R5YHE2_neg8F	R5YHE2_neg8R
TGGCCGACTTTGTAGTTGATG	ATTTTCTCCAGTCCCATTGCG	R5YHE2_neg9F	R5YHE2_neg9R
GTGTTGCCGCAATGGGACTG	TAATAAACACCAGCTCCGGCAA	R5YHE2_neg10F	R5YHE2_neg10R
GCCATGATGGTTTTTGGCGT	AGTCGGAGTTGTGCGGAAAT	C0QFU4_pos1F	C0QFU4_pos1R
TGCCATGATGGTTTTTGGCG	ATAAAAGCCGCCAAGTCGGA	C0QFU4_pos2F	C0QFU4_pos2R
ACTTCTTGGAGCCATTGCCA	ACCCAGGTATAAAAGCCGCC	C0QFU4_pos3F	C0QFU4_pos3R
TCGGTGTTGCACTTCTTGGA	CCCAGGTATAAAAGCCGCCA	C0QFU4_pos4F	C0QFU4_pos4R
TAGCCCTTGGGAAAATCCCG	CGCCAAAAACCATCATGGCA	C0QFU4_pos5F	C0QFU4_pos5R
GTCGGTGTTGCACTTCTTGG	AAGTCGGAGTTGTGCGGAAA	C0QFU4_pos6F	C0QFU4_pos6R
TTTGGCATAGCCCTTGGGAA	TGGCTCCAAGAAGTGCAACA	C0QFU4_pos7F	C0QFU4_pos7R
TGGCATAGCCCTTGGGAAAA	GCAATGGCTCCAAGAAGTGC	C0QFU4_pos8F	C0QFU4_pos8R
GGTGTTGCACTTCTTGGAGC	TGATCGATCCAACTGCACCT	C0QFU4_pos9F	C0QFU4_pos9R
TGCCTATTTTGGCATAGCCCT	TCCAAGAAGTGCAACACCGA	C0QFU4_pos10F	C0QFU4_pos10R
CCAGGTTGACCTTGCTGAGA	CACTGGTGCCGTTCCTTACA	V5WMB8_pos1F	V5WMB8_pos1R
CCAGGTTGACCTTGCTGAGAA	GTGCCGTTCCTTACAACAGG	V5WMB8_pos2F	V5WMB8_pos2R
ACACTGGAAAGGCTGTCAGAT	CTGGTGCCGTTCCTTACAAC	V5WMB8_pos3F	V5WMB8_pos3R
GGGGGTAAAGATTCACCAGGTT	GCCGTTCCTTACAACAGGGG	V5WMB8_pos4F	V5WMB8_pos4R
CACCAGGTTGACCTTGCTGAG	CCGTTCCTTACAACAGGGGTT	V5WMB8_pos5F	V5WMB8_pos5R
AGGTCGGTTCCTATTGAAGAGC	GCACTGGTGCCGTTCCTTA	V5WMB8_pos6F	V5WMB8_pos6R
CTCTGTTACAAGGTCGGTTCCT	CACTGGTGCCGTTCCTTACAA	V5WMB8_pos7F	V5WMB8_pos7R
ACCAGGTTGACCTTGCTGAGA	TGGTGCCGTTCCTTACAACAG	V5WMB8_pos8F	V5WMB8_pos8R
GGTCGGTTCCTATTGAAGAGC	CTGGTGCCGTTCCTTACAACA	V5WMB8_pos9F	V5WMB8_pos9R
CAGGTTGACCTTGCTGAGAA	ACTGGTGCCGTTCCTTACA	V5WMB8_pos10F	V5WMB8_pos10R
GGGATCCAGCCTCATTTCGT	TTCGGGGTCAAGGTTTCGAC	V5WMB8_neg1F	V5WMB8_neg1R
GTCGAAACCTTGACCCCGAA	GATCGGAGTTTTCAGCACGG	V5WMB8_neg2F	V5WMB8_neg2R
GACTCCAAGGCTTACGCCAA	TTCCAGATCTCCGGCTTCAG	V5WMB8_neg3F	V5WMB8_neg3R
TCCAGCCTCATTTCGTCGAT	TGTTCGGGGTCAAGGTTTCG	V5WMB8_neg4F	V5WMB8_neg4R
AGGGGGAGCTGCAAAACATC	CGTAAGCCTTGGAGTCCTGA	V5WMB8_neg5F	V5WMB8_neg5R
ATCGGTACCAAGAACTGCCA	CGAAATGAGGCTGGATCCCC	V5WMB8_neg6F	V5WMB8_neg6R
AAACCTTGACCCCGAACAGC	GCAGCGAATGATCGGAGTTT	V5WMB8_neg7F	V5WMB8_neg7R
GGTGGCTCAGAAAAATCCCG	CTCGTTCCAGATCTCCGGC	V5WMB8_neg8F	V5WMB8_neg8R
GTACCAAGAACTGCCAGGACA	ATCGACGAAATGAGGCTGGA	V5WMB8_neg9F	V5WMB8_neg9R
CTGTCGAAACCTTGACCCCG	CGTAGACCATGTAGGACAGGC	V5WMB8_neg10F	V5WMB8_neg10R
CAAGCTGTCGGCGGATATGA	TGTCCTCTTTTGCCTCGTCC	I5AWT0_neg1F	I5AWT0_neg1R
GGACGAGGCAAAAGAGGACAA	TGCCTGCCGTTTCTGACAATA	I5AWT0_neg2F	I5AWT0_neg2R
TCTTGAGGACGAGGCAAAAGA	GCCTGCCGTTTCTGACAATAG	I5AWT0_neg3F	I5AWT0_neg3R
AGGCAAAAGAGGACAAACTGC	TCCGGTTTGTAGCCGACAGT	I5AWT0_neg4F	I5AWT0_neg4R
CAAGCTGTCGGCGGATATGAA	GCCTGCCGTTTCTGACAATA	I5AWT0_neg5F	I5AWT0_neg5R
GCAAGCTGTCGGCGGATATG	CCATACCTCCGGTTTGTAGCC	I5AWT0_neg6F	I5AWT0_neg6R
GACGAGGCAAAAGAGGACAA	TCCATACCTCCGGTTTGTAGC	I5AWT0_neg7F	I5AWT0_neg7R
ACGAGGCAAAAGAGGACAAAC	CTGCCTGCCGTTTCTGACA	I5AWT0_neg8F	I5AWT0_neg8R
AGCTGTCGGCGGATATGAA	TTGTCCTCTTTTGCCTCGTCC	I5AWT0_neg9F	I5AWT0_neg9R
CGAGGCAAAAGAGGACAAACTG	CATACCTCCGGTTTGTAGCCG	I5AWT0_neg10F	I5AWT0_neg10R
CCAGGTTGACCTTGCTGAGA	CACTGGTGCCGTTCCTTACA	M1MBW7_pos1F	M1MBW7_pos1R
CCAGGTTGACCTTGCTGAGAA	GTGCCGTTCCTTACAACAGG	M1MBW7_pos2F	M1MBW7_pos2R
ACACTGGAAAGGCTGTCAGAT	CTGGTGCCGTTCCTTACAAC	M1MBW7_pos3F	M1MBW7_pos3R
GGGGGTAAAGATTCACCAGGTT	GCCGTTCCTTACAACAGGGG	M1MBW7_pos4F	M1MBW7_pos4R
CACCAGGTTGACCTTGCTGAG	CCGTTCCTTACAACAGGGGTT	M1MBW7_pos5F	M1MBW7_pos5R
AGGTCGGTTCCTATTGAAGAGC	GCACTGGTGCCGTTCCTTA	M1MBW7_pos6F	M1MBW7_pos6R
CTCTGTTACAAGGTCGGTTCCT	CACTGGTGCCGTTCCTTACAA	M1MBW7_pos7F	M1MBW7_pos7R
ACCAGGTTGACCTTGCTGAGA	TGGTGCCGTTCCTTACAACAG	M1MBW7_pos8F	M1MBW7_pos8R
GGTCGGTTCCTATTGAAGAGC	CTGGTGCCGTTCCTTACAACA	M1MBW7_pos9F	M1MBW7_pos9R
CAGGTTGACCTTGCTGAGAA	ACTGGTGCCGTTCCTTACA	M1MBW7_pos10F	M1MBW7_pos10R
CAGCGCTATTTCAAGGACGC	TTCGAACTTGTCCTGGTCGG	M1MBW7_neg1F	M1MBW7_neg1R
GCAGCGCTATTTCAAGGACG	GATCATTTGTCGATGCCGCC	M1MBW7_neg2F	M1MBW7_neg2R
TCGATACAAAAAGGCGCAGC	ACTGTAGACGCAACCGTGTC	M1MBW7_neg3F	M1MBW7_neg3R
AAAGGGGATGAGCAAAGGCG	GTCGGGCGAGTACTGTAGAC	M1MBW7_neg4F	M1MBW7_neg4R
GATCGACCAAGGCAAGATGC	ATCTTTCCAACTCCGGCTGT	M1MBW7_neg5F	M1MBW7_neg5R
TTCGATACAAAAAGGCGCAGC	CGATCATTTGTCGATGCCGC	M1MBW7_neg6F	M1MBW7_neg6R
TCTACAGTACTCGCCCGACC	CATCTTTCCAACTCCGGCTG	M1MBW7_neg7F	M1MBW7_neg7R
GCTTCGATACAAAAAGGCGCA	GGTCGGGCGAGTACTGTAGA	M1MBW7_neg8F	M1MBW7_neg8R
GAAAAGGGGATGAGCAAAGGC	TACTGTAGACGCAACCGTGT	M1MBW7_neg9F	M1MBW7_neg9R
GCGCAGCGCTATTTCAAGG	TGTCGCATCTTGCCTTGGTC	M1MBW7_neg10F	M1MBW7_neg10R
GATCCACGAGATCAACCCCG	AGGGGTTTCGGGAATTCGTC	F9VRA8_pos1F	F9VRA8_pos1R
CGATCCACGAGATCAACCCC	GAGGGGTTTCGGGAATTCGT	F9VRA8_pos2F	F9VRA8_pos2R
ACGAATTCCCGAAACCCCTC	CAGTCGAGGTACCGCTTTCC	F9VRA8_pos3F	F9VRA8_pos3R
CGAATTCCCGAAACCCCTCA	GACAGGTGTGGTCAGTTCGG	F9VRA8_pos4F	F9VRA8_pos4R
CCGATCCACGAGATCAACCC	GGTGTGGTCAGTTCGGTGAG	F9VRA8_pos5F	F9VRA8_pos5R
AATTCCCGAAACCCCTCACC	CTTTCCCGGGTAGACGACG	F9VRA8_pos6F	F9VRA8_pos6R
CATTGCTCGATCACCACGCT	GGGTTGATCTCGTGGATCGG	F9VRA8_pos7F	F9VRA8_pos7R
GAAAGCGGTACCTCGACTGG	CAGGTGTGGTCAGTTCGGTG	F9VRA8_pos8F	F9VRA8_pos8R
GGAAAGCGGTACCTCGACTG	GTGGTCAGTTCGGTGAGCAG	F9VRA8_pos9F	F9VRA8_pos9R
ATTGCTCGATCACCACGCTC	AGGTGTGGTCAGTTCGGTGA	F9VRA8_pos10F	F9VRA8_pos10R
CGTGGTGATCACGATGGGTT	GAGCTTCCAGTCCTCGTACC	M3VGP8_pos1F	M3VGP8_pos1R
GTGGTGATCACGATGGGTTG	CGTCGAGCTTCCAGTCCTC	M3VGP8_pos2F	M3VGP8_pos2R
CGTGGTGATCACGATGGGT	CTTCCAGTCCTCGTACCGC	M3VGP8_pos3F	M3VGP8_pos3R
TGATCACGATGGGTTGCGG	GTCGTCGAGCTTCCAGTCC	M3VGP8_pos4F	M3VGP8_pos4R
CATCGACATCACCGCCGAA	GGTCGTCGAGCTTCCAGTC	M3VGP8_pos5F	M3VGP8_pos5R
GTGATCACGATGGGTTGCGG	TCGTCGAGCTTCCAGTCCTC	M3VGP8_pos6F	M3VGP8_pos6R
CATCGACATCACCGCCGAAC	TTCCAGTCCTCGTACCGCT	M3VGP8_pos7F	M3VGP8_pos7R
GTGATCACGATGGGTTGCG	GTCGTCGAGCTTCCAGTCCT	M3VGP8_pos8F	M3VGP8_pos8R
CATCGACATCACCGCCGA	AGCTTCCAGTCCTCGTACCG	M3VGP8_pos9F	M3VGP8_pos9R
CAGATCAACCCGGTCGCC	TGAGCACCTTGGGCTGTTC	M3VGP8_pos10F	M3VGP8_pos10R
GATCCACGAGATCAACCCCG	AGGGGTTTCGGGAATTCGTC	M3VGP8_neg1F	M3VGP8_neg1R
CGATCCACGAGATCAACCCC	GAGGGGTTTCGGGAATTCGT	M3VGP8_neg2F	M3VGP8_neg2R
ACGAATTCCCGAAACCCCTC	CAGTCGAGGTACCGCTTTCC	M3VGP8_neg3F	M3VGP8_neg3R
CGAATTCCCGAAACCCCTCA	CTTTCCCGGGTAGACGACG	M3VGP8_neg4F	M3VGP8_neg4R
AATTCCCGAAACCCCTCACC	GCTTTCCCGGGTAGACGAC	M3VGP8_neg5F	M3VGP8_neg5R
CCGATCCACGAGATCAACCC	GTCGAGGTACCGCTTTCCC	M3VGP8_neg6F	M3VGP8_neg6R
GCCGATCCACGAGATCAACC	GGGTTTCGGGAATTCGTCGG	M3VGP8_neg7F	M3VGP8_neg7R
CGCCGATCCACGAGATCAA	GTCGTCGGTGAGGGGTTTC	M3VGP8_neg8F	M3VGP8_neg8R
CGCCGATCCACGAGATCAAC	GTTTCGGGAATTCGTCGGC	M3VGP8_neg9F	M3VGP8_neg9R
CGACGAATTCCCGAAACCCC	AGTCGAGGTACCGCTTTCCC	M3VGP8_neg10F	M3VGP8_neg10R
AAAAACACGCCGAGAAGCAC	GCATAGTAGGCCGAACTCCC	W4RJR2_pos1F	W4RJR2_pos1R
GAACGTGCCTTCATCCCTCA	GGCATAGTAGGCCGAACTCC	W4RJR2_pos2F	W4RJR2_pos2R
CCAATTATCTCGCACGCAGC	CTTGGCCGTGCAGATCAAAC	W4RJR2_pos3F	W4RJR2_pos3R
CGGATAAAGCTTGCATCGCC	TAGTAGGCCGAACTCCCACT	W4RJR2_pos4F	W4RJR2_pos4R
CCACCAATTATCTCGCACGC	AATCTTGGCCACGTCATCCC	W4RJR2_pos5F	W4RJR2_pos5R
GCCACCAATTATCTCGCACG	CCGGTCTCCAGACTTGATGC	W4RJR2_pos6F	W4RJR2_pos6R
GGATAAAGCTTGCATCGCCC	AGTAGGCCGAACTCCCACTT	W4RJR2_pos7F	W4RJR2_pos7R
ATTATCTCGCACGCAGCGAA	GCCTTCCCGATTCAGACGAG	W4RJR2_pos8F	W4RJR2_pos8R
CTCGTCTGAATCGGGAAGGC	TGTGGGCGATGCAAGCTTTA	W4RJR2_pos9F	W4RJR2_pos9R
GCCCCATATCTTGGGTGACG	AGATCAAACTGCCTGTGGGC	W4RJR2_pos10F	W4RJR2_pos10R
AAAAACACGCCGAGAAGCAC	GCATAGTAGGCCGAACTCCC	W4RJR2_neg1F	W4RJR2_neg1R
GAACGTGCCTTCATCCCTCA	GGCATAGTAGGCCGAACTCC	W4RJR2_neg2F	W4RJR2_neg2R
CCAATTATCTCGCACGCAGC	CTTGGCCGTGCAGATCAAAC	W4RJR2_neg3F	W4RJR2_neg3R
CGGATAAAGCTTGCATCGCC	CCGAAAACTTTAGCGGCCAG	W4RJR2_neg4F	W4RJR2_neg4R
GTTTGATCTGCACGGCCAAG	TAGTAGGCCGAACTCCCACT	W4RJR2_neg5F	W4RJR2_neg5R
CCACCAATTATCTCGCACGC	AATCTTGGCCACGTCATCCC	W4RJR2_neg6F	W4RJR2_neg6R
GCCACCAATTATCTCGCACG	GAATCAGGTCGTTGCTGCTG	W4RJR2_neg7F	W4RJR2_neg7R
AACGTGCCTTCATCCCTCAC	CCGGTCTCCAGACTTGATGC	W4RJR2_neg8F	W4RJR2_neg8R
GGGATGACGTGGCCAAGATT	GCAGATCAAACTGCCTGTGG	W4RJR2_neg9F	W4RJR2_neg9R
CCAAGCTTTGGGAGGGTGTT	AGTAGGCCGAACTCCCACTT	W4RJR2_neg10F	W4RJR2_neg10R
CGAAGATCCTGACGACGGAG	CCAGTCCTCGTAGCGCTTG	E6QMM9_pos1F	E6QMM9_pos1R
CAGCCGAAGATCCTGACGAC	CGAGCCTCCAGTCCTCGTAG	E6QMM9_pos2F	E6QMM9_pos2R
CCGAAGATCCTGACGACGG	GAGCCTCCAGTCCTCGTAGC	E6QMM9_pos3F	E6QMM9_pos3R
GCCGAAGATCCTGACGACG	CAGTCCTCGTAGCGCTTGC	E6QMM9_pos4F	E6QMM9_pos4R
AGCCGAAGATCCTGACGAC	GAGCCTCCAGTCCTCGTAG	E6QMM9_pos5F	E6QMM9_pos5R
GGATCGACATCACCGCCGA	TCCTCGTAGCGCTTGCC	E6QMM9_pos6F	E6QMM9_pos6R
AACCCTGGACCGACGAAATC	GTCAGCTGCCAATCCTCGTA	E6QMM9_neg1F	E6QMM9_neg1R
TCGACATCACCGGCGAATAC	TCAGCTGCCAATCCTCGTAG	E6QMM9_neg2F	E6QMM9_neg2R
AAACCCTGGACCGACGAAAT	GTCAGCTGCCAATCCTCGT	E6QMM9_neg3F	E6QMM9_neg3R
AAGTCGGGATCGACATCACC	AGCTGCCAATCCTCGTAGC	E6QMM9_neg4F	E6QMM9_neg4R
CAAACCCTGGACCGACGAAA	CAGCTGCCAATCCTCGTAGC	E6QMM9_neg5F	E6QMM9_neg5R
GACATCACCGGCGAATACCC	CAGCCCATGGTGATGACGAC	E6QMM9_neg6F	E6QMM9_neg6R
CGAATACCCCAAACCCTGGA	AATCCTCGTAGCGCTTGCC	E6QMM9_neg7F	E6QMM9_neg7R
ATCGACATCACCGGCGAATA	CAATCCTCGTAGCGCTTGC	E6QMM9_neg8F	E6QMM9_neg8R
GCGAATACCCCAAACCCTGG	CCAATCCTCGTAGCGCTTGC	E6QMM9_neg9F	E6QMM9_neg9R
CCGACGTCGTCATCACCAT	CGGTCAGCTGCCAATCCTC	E6QMM9_neg10F	E6QMM9_neg10R
GTCGGCTTCATCGCATTGTC	GCCGTCCTCGATCAATTTGC	P13511_pos1F	P13511_pos1R
CATCGCCCAGATCGTCGTTA	GTTTTCGGCGATGATGACGG	P13511_pos2F	P13511_pos2R
TCATCGTCAAGCCACAGGAC	GACAATGCGATGAAGCCGAC	P13511_pos3F	P13511_pos3R
ATCGCCCAGATCGTCGTTAC	GTCACCGTTTGCAGTCGTTC	P13511_pos4F	P13511_pos4R
AGGCAAGACATTTGAGCCGA	GTTCGTTGAACCGCATCTCG	P13511_pos5F	P13511_pos5R
TTCCTGATGCTCGGCAACTT	TCTCGATCGGTTGCGAGAAG	P13511_pos6F	P13511_pos6R
GAACGACTGCAAACGGTGAC	CGGCGGACGATGAAGTTTTC	P13511_pos7F	P13511_pos7R
TTTCCACCGCACCGTCTATC	GTAACGACGATCTGGGCGAT	P13511_pos8F	P13511_pos8R
GATTTCCACCGCACCGTCTA	GACCTGGAACTGCTTGACGA	P13511_pos9F	P13511_pos9R
TCGAGATGCGGTTCAACGAA	ACGATCTGGAATCTGCGGTC	P13511_pos10F	P13511_pos10R
CGTAACGGCGAGCAGTATCT	GATGCCGCCAAAATCGTCTC	P13511_neg1F	P13511_neg1R
AGCAAAAAGTGAAGCTGCCG	GGCTGGTGATTTCGATTCGC	P13511_neg2F	P13511_neg2R
GAGACGATTTTGGCGGCATC	TGTGAGGATCGGCAGGTAGA	P13511_neg3F	P13511_neg3R
CACCGGTGTCGAAGGAAAGA	GAAGGACCGCCTGAACTTGA	P13511_neg4F	P13511_neg4R
AACGAACGGATTCAGCAGGT	AATCCTTGCCTTCCCTGACG	P13511_neg5F	P13511_neg5R
TCACCGGTGTCGAAGGAAAG	TGGACGAGCACATCAAGGTC	P13511_neg6F	P13511_neg6R
CTCACCGGTGTCGAAGGAAA	CACATCAAGGTCGTCACCGA	P13511_neg7F	P13511_neg7R
TGGATCATCAAGCCGCAGTT	GATGCCGAAATCGATGGCAC	P13511_neg8F	P13511_neg8R
ATCGGCGGAATCATCTCGTC	TTTCGATTCGCCGTTCTCCA	P13511_neg9F	P13511_neg9R
TTACGACCGAACACGACTGG	TCCCTCACCTCCGGAATCTT	P13511_neg10F	P13511_neg10R
CGTGACGCTTGGCGAAATAG	GCAGGATCATCTGGGACTCG	A0Z4S8_pos1F	A0Z4S8_pos1R
GTCACTTCCAGTGCGTCTGA	GCAATTGCTGGCCTATCAGC	A0Z4S8_pos2F	A0Z4S8_pos2R
GTAGCCGGTAATGCCGATGA	ATTTCATAGGGCCGGGCAAA	A0Z4S8_pos3F	A0Z4S8_pos3R
TGACAACGATTTACCCCGCA	GAAAGTCGTGAGGCTGGTCA	A0Z4S8_pos4F	A0Z4S8_pos4R
ACGCAGAAAATCCGGAAGGT	TGCGGGGTAAATCGTTGTCA	A0Z4S8_pos5F	A0Z4S8_pos5R
GAGGTCACCCTACTGGCAAC	CAGGGTCTGCTCGGAAACTT	A0Z4S8_pos6F	A0Z4S8_pos6R
TGAGGGGTACTGCTCCGTTA	TCATCGGCATTACCGGCTAC	A0Z4S8_pos7F	A0Z4S8_pos7R
GCGGCCACACACTACTACTT	ACCTTCCGGATTTTCTGCGT	A0Z4S8_pos8F	A0Z4S8_pos8R
AAGTTTCCGAGCAGACCCTG	GCCGTCTATGCGTGTCAGTA	A0Z4S8_pos9F	A0Z4S8_pos9R
TGACCAGCCTCACGACTTTC	TACCAGGAACAGGGTCACCA	A0Z4S8_pos10F	A0Z4S8_pos10R
GCAGATTGCCGTTCTTAGCG	CAGGGATTCCACCAGGGAAC	A0Z4S8_neg1F	A0Z4S8_neg1R
CGGATAGAGGAGAACGTGGC	CCTGTAATCCGCCGCATAGT	A0Z4S8_neg2F	A0Z4S8_neg2R
GAAACTGGAGGTCTTCCCCG	CACGTTCTCCTCTATCCGGC	A0Z4S8_neg3F	A0Z4S8_neg3R
TCTCCGGAGCCGCATAAATC	AGGCATTGTCAGCGAACAGA	A0Z4S8_neg4F	A0Z4S8_neg4R
AGAAGGGCCAGTCTCGATCT	ATGAGACCGAACGCCATGTT	A0Z4S8_neg5F	A0Z4S8_neg5R
TCTGTTCGCTGACAATGCCT	CACTCTGAAAGGTGACGGCT	A0Z4S8_neg6F	A0Z4S8_neg6R
ACTATGCGGCGGATTACAGG	AATGAGACCGAACGCCATGT	A0Z4S8_neg7F	A0Z4S8_neg7R
GCCAAGGAAATCCTGTCGGA	TCAAACCCACCTTCTCTCGC	A0Z4S8_neg8F	A0Z4S8_neg8R
GGAAGCCGTCACCTTTCAGA	ACCTTTGAGTTCCTCCGCTG	A0Z4S8_neg9F	A0Z4S8_neg9R
GCGGAGGAACTCAAAGGTGA	GGGTAAACGACCTGAAGGGG	A0Z4S8_neg10F	A0Z4S8_neg10R
TCTGAAGTCCCCTTCGCAAC	TGTCGACATCCGCTATCACG	A0YFC4_pos1F	A0YFC4_pos1R
GTTGCCTGGCCTTTTCACTG	GACTCGGACTCAGTTGCACA	A0YFC4_pos2F	A0YFC4_pos2R
CTGTTGCCTGGCCTTTTCAC	TGACTCGGACTCAGTTGCAC	A0YFC4_pos3F	A0YFC4_pos3R
TGACTTTCGGCGTGCTAACT	ACGTCGAAATTGACCGTGGA	A0YFC4_pos4F	A0YFC4_pos4R
GAGCACGGTCAACCAGTACA	AGTTAGCACGCCGAAAGTCA	A0YFC4_pos5F	A0YFC4_pos5R
AGTGACTTTCGGCGTGCTAA	AGGCCAGGCAACAGATTACC	A0YFC4_pos6F	A0YFC4_pos6R
GTTCTGAAGTCCCCTTCGCA	TCCAGTGAGTAGGAGACCCG	A0YFC4_pos7F	A0YFC4_pos7R
TCACCCCCTTCGCCAATTAC	ATCGGTGATGTTGGTGACCC	A0YFC4_pos8F	A0YFC4_pos8R
GGGTCACCAACATCACCGAT	GTTGCGAAGGGGACTTCAGA	A0YFC4_pos9F	A0YFC4_pos9R
ATTCCAGTGACTTTCGGCGT	TTACCTGCCGGGTTTGACTC	A0YFC4_pos10F	A0YFC4_pos10R
GTTGCCTGGCCTTTTCACTG	ACGTCGAAATTGACCGTGGA	A0YFC4_neg1F	A0YFC4_neg1R
TTCCGGTATGTGCTATCCGC	CTGTTACAGCACCAGGCTGA	A0YFC4_neg2F	A0YFC4_neg2R
AGGAATTGGCTGAGCAGGTC	ACGCCGAAAGTCACTGGATT	A0YFC4_neg3F	A0YFC4_neg3R
AATCCAGTGACTTTCGGCGT	TACCGATATGGCGCAAGCAT	A0YFC4_neg4F	A0YFC4_neg4R
TGCCGATGAAGTCTTTCCCC	GACCTGCTCAGCCAATTCCT	A0YFC4_neg5F	A0YFC4_neg5R
TGCAGGAAGGGCTCTGAATG	AGCCAGTGGCGAAGAATGAA	A0YFC4_neg6F	A0YFC4_neg6R
CAGCACGGTCACCAGTACAT	ATACCGATATGGCGCAAGCA	A0YFC4_neg7F	A0YFC4_neg7R
GCACGGTCACCAGTACATCA	GTAATTGGCGAAGGGGGTGA	A0YFC4_neg8F	A0YFC4_neg8R
GGTTCTGAAGTCCCTTCGCA	GCGACATCAGATAGACCCCG	A0YFC4_neg9F	A0YFC4_neg9R
ACTGCTCGAATCGCAACTGA	AAGCCAGTGGCGAAGAATGA	A0YFC4_neg10F	A0YFC4_neg10R
ACCTGTACTGGGCAAGAAGC	ACACGGCCCAATTGAGAGAG	H5VCM1_pos1F	H5VCM1_pos1R
ACTGCGTACCCTACAGGACT	CCACCAATGCTGGCAACTTC	H5VCM1_pos2F	H5VCM1_pos2R
CATCGATACAGTACGCGGCT	AGTCCTGTAGGGTACGCAGT	H5VCM1_pos3F	H5VCM1_pos3R
GCATTGGTGGCTTTGTACCG	AGTGGTACGCCGTCTTTTGT	H5VCM1_pos4F	H5VCM1_pos4R
CTCTCTCAATTGGGCCGTGT	CGACAACTTCTCCTTGCCCA	H5VCM1_pos5F	H5VCM1_pos5R
ACAAAAGACGGCGTACCACT	TCCTTGCCCATTGAGATCGG	H5VCM1_pos6F	H5VCM1_pos6R
AGTACGCGGCTTTTCAACCT	CGGTACAAAGCCACCAATGC	H5VCM1_pos7F	H5VCM1_pos7R
TGGTGCAGGCAAAAGGCTAT	CACGGCCCAATTGAGAGAGA	H5VCM1_pos8F	H5VCM1_pos8R
ACATCGATACAGTACGCGGC	AAGCGCATCGTTGTTCACTG	H5VCM1_pos9F	H5VCM1_pos9R
ATGGTGCAGGCAAAAGGCTA	CATTGAGATCGGCAACACCG	H5VCM1_pos10F	H5VCM1_pos10R
ACCTGTACTGGGCAAGAAGC	ACACGGCCCAATTGAGAGAG	H5VCM1_neg1F	H5VCM1_neg1R
CATCGATACAGTACGCGGCT	CCACCAATGCTGGCAACTTC	H5VCM1_neg2F	H5VCM1_neg2R
GCATTGGTGGCTTTGTACCG	AGTGGTACGCCGTCTTTTGT	H5VCM1_neg3F	H5VCM1_neg3R
CTCTCTCAATTGGGCCGTGT	CGACAACTTCTCCTTGCCCA	H5VCM1_neg4F	H5VCM1_neg4R
ACAAAAGACGGCGTACCACT	TCCTTGCCCATTGAGATCGG	H5VCM1_neg5F	H5VCM1_neg5R
AGTACGCGGCTTTTCAACCT	CGGTACAAAGCCACCAATGC	H5VCM1_neg6F	H5VCM1_neg6R
TGGTGCAGGCAAAAGGCTAT	CACGGCCCAATTGAGAGAGA	H5VCM1_neg7F	H5VCM1_neg7R
ACATCGATACAGTACGCGGC	AAGCGCATCGTTGTTCACTG	H5VCM1_neg8F	H5VCM1_neg8R
ATGGTGCAGGCAAAAGGCTA	CATTGAGATCGGCAACACCG	H5VCM1_neg9F	H5VCM1_neg9R
TGATGAACTGCGTACCCTGC	CAAGCGCATCGTTGTTCACT	H5VCM1_neg10F	H5VCM1_neg10R
